{
    "name": "Clay",
    "id": "clay",
    "_comment": "Clay is a soft, naturally occurring composite of stone and soil that hardens at high Temperatures.",
    "data": {
        "properties": [
            "generic_buildable",
            "solid",
            "cultivable_soil"
        ],
        "thermal_conductivity": 2.0,
        "specific_heat_capacity": 0.92,
        "molar_mass": 200.0,
        "hardness": 5.0,
        "light_absorption_factor": 100.0,
        "additional_info": {
            "max_mass": 1840.0
        }
    },
    "recipe": {
        "state_transitions": {
            "max": 926.85,
            "max_target": "ceramic",
            "max_process": "melt"
        },
        "produced": {}
    }
}