{
    "name": "Dirt",
    "id": "dirt",
    "_comment": "Dirt is a soft, nutrient-rich substance capable of supporting life.",
    "data": {
        "properties": [
            "generic_buildable",
            "solid",
            "cultivable_soil"
        ],
        "thermal_conductivity": 2.0,
        "specific_heat_capacity": 1.48,
        "molar_mass": 50.0,
        "hardness": 2.0,
        "light_absorption_factor": 100.0,
        "overheat_temp_modifier": -10.0,
        "additional_info": {
            "max_mass": 1840.0
        }
    },
    "recipe": {
        "state_transitions": {
            "max": 326.85,
            "max_target": "sand",
            "max_process": "melt"
        },
        "additional_state_transition": {}
    }
}