{
    "name": "Brine",
    "id": "brine",
    "_comment": "Brine is a natural, highly concentrated solution of Salt dissolved in Water.",
    "data": {
        "properties": [
            "water_based",
            "liquid"
        ],
        "thermal_conductivity": 0.609,
        "specific_heat_capacity": 3.4,
        "molar_mass": 22.0,
        "light_absorption_factor": 25.0,
        "additional_info": {
            "max_mass": 1200.0,
            "max_compression": 1.01,
            "viscosity": 100.0,
            "min_vertical_flow": 0.01,
            "min_horizontal_flow": 0.01
        }
    },
    "recipe": {
        "state_transitions": {
            "min": -22.5,
            "min_target": "brine_ice",
            "min_process": "solidify",
            "max": 102.75,
            "max_target": "steam",
            "max_process": "evaporate"
        },
        "additional_state_transition": {}
    }
}