{
    "name": "Chlorine",
    "id": "chlorine",
    "_comment": "(Cl) Chlorine is a natural Germ-killing element in a Liquid state.",
    "data": {
        "properties": [
            "liquid"
        ],
        "thermal_conductivity": 0.0081,
        "specific_heat_capacity": 0.48,
        "molar_mass": 34.453,
        "light_absorption_factor": 100.0,
        "additional_info": {
            "max_mass": 1000.0,
            "max_compression": 1.01,
            "viscosity": 180.0,
            "min_vertical_flow": 0.01,
            "min_horizontal_flow": 0.01
        }
    },
    "recipe": {
        "state_transitions": {
            "min": -100.98,
            "min_target": "chlorine",
            "min_process": "solidify",
            "max": -34.6,
            "max_target": "chlorine",
            "max_process": "evaporate"
        },
        "additional_state_transition": {}
    }
}