{
    "name": "Crude Oil",
    "id": "crude_oil",
    "_comment": "Crude Oil is a raw potential Power source composed of billions of dead, primordial organisms.",
    "data": {
        "properties": [
            "liquid"
        ],
        "thermal_conductivity": 2.0,
        "specific_heat_capacity": 1.69,
        "molar_mass": 500.0,
        "light_absorption_factor": 100.0,
        "additional_info": {
            "max_mass": 870.0,
            "max_compression": 1.01,
            "viscosity": 50.0,
            "min_vertical_flow": 0.1,
            "min_horizontal_flow": 0.1
        }
    },
    "recipe": {
        "state_transitions": {
            "min": -40.15,
            "min_target": "crude_oil",
            "min_process": "solidify",
            "max": 399.85,
            "max_target": "petroleum",
            "max_process": "evaporate"
        },
        "produced": {}
    }
}