{
    "name": "Ethanol",
    "id": "ethanol",
    "_comment": "(C2H6O) Ethanol is an advanced chemical compound.",
    "data": {
        "properties": [
            "combustible_liquid",
            "liquid"
        ],
        "thermal_conductivity": 0.171,
        "specific_heat_capacity": 2.46,
        "molar_mass": 46.07,
        "light_absorption_factor": 25.0,
        "additional_info": {
            "max_mass": 1000.0,
            "max_compression": 1.01,
            "viscosity": 125.0,
            "min_vertical_flow": 0.01,
            "min_horizontal_flow": 0.01
        }
    },
    "recipe": {
        "state_transitions": {
            "min": -114.05,
            "min_target": "ethanol",
            "min_process": "solidify",
            "max": 78.35,
            "max_target": "ethanol",
            "max_process": "evaporate"
        },
        "produced": {}
    }
}