{
    "name": "Hydrogen",
    "id": "liquid_hydrogen",
    "_comment": "(H) Hydrogen is a chemical Liquid.",
    "data": {
        "properties": [
            "liquid"
        ],
        "thermal_conductivity": 0.1,
        "specific_heat_capacity": 2.4,
        "molar_mass": 1.00794,
        "light_absorption_factor": 100.0,
        "additional_info": {
            "max_mass": 1000.0,
            "max_compression": 1.01,
            "viscosity": 180.0,
            "min_vertical_flow": 0.01,
            "min_horizontal_flow": 0.01
        }
    },
    "recipe": {
        "state_transitions": {
            "min": -259.15,
            "min_target": "hydrogen",
            "min_process": "solidify",
            "max": -252.15,
            "max_target": "hydrogen",
            "max_process": "evaporate"
        },
        "produced": {}
    }
}