{
    "name": "Liquid Sulfur",
    "id": "liquid_sulfur",
    "_comment": "(S) Sulfur is a common chemical element and byproduct of Natural Gas production.",
    "data": {
        "properties": [
            "liquid"
        ],
        "thermal_conductivity": 0.2,
        "specific_heat_capacity": 0.7,
        "molar_mass": 32.0,
        "light_absorption_factor": 10.0,
        "additional_info": {
            "max_mass": 740.0,
            "max_compression": 1.01,
            "viscosity": 50.0,
            "min_vertical_flow": 0.1,
            "min_horizontal_flow": 0.1
        }
    },
    "recipe": {
        "state_transitions": {
            "min": 115.2,
            "min_target": "sulfur",
            "min_process": "solidify",
            "max": 337.0,
            "max_target": "sulfur",
            "max_process": "evaporate"
        },
        "produced": {}
    }
}