{
    "name": "Propane",
    "id": "liquid_propane",
    "_comment": "(C3H8) Propane is an alkane in a Liquid state.",
    "data": {
        "properties": [
            "liquid"
        ],
        "thermal_conductivity": 0.1,
        "specific_heat_capacity": 2.4,
        "molar_mass": 44.1,
        "light_absorption_factor": 100.0,
        "additional_info": {
            "max_mass": 1000.0,
            "max_compression": 1.01,
            "viscosity": 180.0,
            "min_vertical_flow": 0.01,
            "min_horizontal_flow": 0.01
        }
    },
    "recipe": {
        "state_transitions": {
            "min": -188.15,
            "min_target": "propane",
            "min_process": "solidify",
            "max": -42.15,
            "max_target": "propane",
            "max_process": "evaporate"
        }
    }
}