{
    "name": "Oxygen",
    "id": "liquid_oxygen",
    "_comment": "(O2) Oxygen is a breathable chemical.",
    "data": {
        "properties": [
            "oxidizer",
            "liquid"
        ],
        "thermal_conductivity": 2.0,
        "specific_heat_capacity": 1.01,
        "molar_mass": 15.9994,
        "light_absorption_factor": 100.0,
        "additional_info": {
            "max_mass": 500.0,
            "max_compression": 1.01,
            "viscosity": 200.0,
            "min_vertical_flow": 0.01,
            "min_horizontal_flow": 0.01
        }
    },
    "recipe": {
        "state_transitions": {
            "min": -218.79,
            "min_target": "oxygen",
            "min_process": "solidify",
            "max": -182.96,
            "max_target": "oxygen",
            "max_process": "evaporate"
        },
        "additional_state_transition": {}
    }
}