{
    "name": "Carbon Dioxide",
    "id": "liquid_carbon_dioxide",
    "_comment": "(CO2) Carbon Dioxide is an unbreathable chemical compound.",
    "data": {
        "properties": [
            "liquid"
        ],
        "thermal_conductivity": 1.46,
        "specific_heat_capacity": 0.846,
        "molar_mass": 44.01,
        "light_absorption_factor": 100.0,
        "additional_info": {
            "max_mass": 2000.0,
            "max_compression": 1.01,
            "viscosity": 125.0,
            "min_vertical_flow": 0.01,
            "min_horizontal_flow": 0.01
        }
    },
    "recipe": {
        "state_transitions": {
            "min": -56.55,
            "min_target": "carbon_dioxide",
            "min_process": "solidify",
            "max": -48.15,
            "max_target": "carbon_dioxide",
            "max_process": "evaporate"
        },
        "produced": {}
    }
}