{
    "name": "Phosphorus",
    "id": "liquid_phosphorus",
    "_comment": "(P) Phosphorus is a chemical element.",
    "data": {
        "properties": [
            "light_emitter",
            "liquid"
        ],
        "thermal_conductivity": 0.236,
        "specific_heat_capacity": 0.7697,
        "molar_mass": 30.9737625,
        "light_absorption_factor": 100.0,
        "additional_info": {
            "max_mass": 1000.0,
            "max_compression": 1.01,
            "viscosity": 100.0,
            "min_vertical_flow": 1.0,
            "min_horizontal_flow": 2.0
        }
    },
    "recipe": {
        "state_transitions": {
            "min": 44.15,
            "min_target": "phosphorus",
            "min_process": "solidify",
            "max": 280.45,
            "max_target": "phosphorus",
            "max_process": "evaporate"
        },
        "additional_state_transition": {}
    }
}