{
    "name": "Methane",
    "id": "liquid_methane",
    "_comment": "(CH4) Methane is an alkane.",
    "data": {
        "properties": [
            "liquid"
        ],
        "thermal_conductivity": 0.03,
        "specific_heat_capacity": 2.191,
        "molar_mass": 16.044,
        "light_absorption_factor": 60.0,
        "additional_info": {
            "max_mass": 1000.0,
            "max_compression": 1.01,
            "viscosity": 180.0,
            "min_vertical_flow": 0.01,
            "min_horizontal_flow": 0.01
        }
    },
    "recipe": {
        "state_transitions": {
            "min": -182.6,
            "min_target": "methane",
            "min_process": "solidify",
            "max": -161.5,
            "max_target": "natural_gas",
            "max_process": "evaporate"
        },
        "additional_state_transition": {}
    }
}