{
    "name": "Magma",
    "id": "magma",
    "_comment": "Magma is a composite of Igneous Rock heated into a molten, Liquid state.",
    "data": {
        "properties": [
            "light_emitter",
            "liquid"
        ],
        "thermal_conductivity": 1.0,
        "specific_heat_capacity": 1.0,
        "molar_mass": 50.0,
        "light_absorption_factor": 100.0,
        "additional_info": {
            "max_mass": 1840.0,
            "max_compression": 1.01,
            "viscosity": 60.0,
            "min_vertical_flow": 20.0,
            "min_horizontal_flow": 50.0
        }
    },
    "recipe": {
        "state_transitions": {
            "min": 1409.85,
            "min_target": "igneous_rock",
            "min_process": "solidify",
            "max": 2356.85,
            "max_target": "rock_gas",
            "max_process": "evaporate"
        },
        "additional_state_transition": {}
    }
}