{
    "name": "Tungsten",
    "id": "molten_tungsten",
    "_comment": "(W) Tungsten is a crystalline Metal heated into a Liquid state.",
    "data": {
        "properties": [
            "metal_ore",
            "refined_metal",
            "liquid"
        ],
        "thermal_conductivity": 4.0,
        "specific_heat_capacity": 0.134,
        "molar_mass": 183.84,
        "light_absorption_factor": 70.0,
        "additional_info": {
            "max_mass": 3870.0,
            "max_compression": 1.01,
            "viscosity": 100.0,
            "min_vertical_flow": 10.0,
            "min_horizontal_flow": 20.0
        }
    },
    "recipe": {
        "state_transitions": {
            "min": 3421.85,
            "min_target": "tungsten",
            "min_process": "solidify",
            "max": 5929.85,
            "max_target": "tungsten",
            "max_process": "evaporate"
        },
        "additional_state_transition": {}
    }
}