{
    "name": "Sucrose",
    "id": "molten_sucrose",
    "_comment": "(C12H22O11) Sucrose is the raw form of sugar, heated into a Liquid state.",
    "data": {
        "properties": [
            "liquid"
        ],
        "thermal_conductivity": 0.15,
        "specific_heat_capacity": 1.255,
        "molar_mass": 32.0,
        "light_absorption_factor": 10.0,
        "additional_info": {
            "max_mass": 740.0,
            "max_compression": 1.01,
            "viscosity": 50.0,
            "min_vertical_flow": 0.1,
            "min_horizontal_flow": 0.1
        }
    },
    "recipe": {
        "state_transitions": {
            "min": 185.85,
            "min_target": "sucrose",
            "min_process": "solidify",
            "max": 230.0,
            "max_target": "carbon_dioxide",
            "max_process": "evaporate"
        }
    }
}