{
    "name": "Cobalt",
    "id": "molten_cobalt",
    "_comment": "(Co) Cobalt is a Refined Metal heated into a Liquid state.",
    "data": {
        "properties": [
            "metal_ore",
            "refined_metal",
            "light_emitter",
            "liquid"
        ],
        "thermal_conductivity": 4.0,
        "specific_heat_capacity": 0.42,
        "molar_mass": 58.9,
        "light_absorption_factor": 100.0,
        "additional_info": {
            "max_mass": 7870.0,
            "max_compression": 1.01,
            "viscosity": 100.0,
            "min_vertical_flow": 3.0,
            "min_horizontal_flow": 30.0
        }
    },
    "recipe": {
        "state_transitions": {
            "min": 1494.85,
            "min_target": "cobalt",
            "min_process": "solidify",
            "max": 2926.85,
            "max_target": "cobalt",
            "max_process": "evaporate"
        },
        "additional_state_transition": {}
    }
}