{
    "name": "Aluminum",
    "id": "molten_aluminum",
    "_comment": "(Al) Aluminum is a low density Metal heated into a molten Liquid state.",
    "data": {
        "properties": [
            "metal_ore",
            "refined_metal",
            "light_emitter",
            "liquid"
        ],
        "thermal_conductivity": 20.5,
        "specific_heat_capacity": 0.91,
        "molar_mass": 55.845,
        "light_absorption_factor": 100.0,
        "additional_info": {
            "max_mass": 7870.0,
            "max_compression": 1.01,
            "viscosity": 100.0,
            "min_vertical_flow": 3.0,
            "min_horizontal_flow": 30.0
        }
    },
    "recipe": {
        "state_transitions": {
            "min": 660.3,
            "min_target": "aluminum",
            "min_process": "solidify",
            "max": 2470.0,
            "max_target": "aluminum",
            "max_process": "evaporate"
        },
        "additional_state_transition": {}
    }
}