{
    "name": "Carbon",
    "id": "molten_carbon",
    "_comment": "(C) Carbon is an abundant, versatile element heated into a Liquid state.",
    "data": {
        "properties": [
            "liquid"
        ],
        "thermal_conductivity": 2.0,
        "specific_heat_capacity": 0.71,
        "molar_mass": 12.0107,
        "light_absorption_factor": 100.0,
        "additional_info": {
            "max_mass": 4000.0,
            "max_compression": 1.01,
            "viscosity": 150.0,
            "min_vertical_flow": 0.01,
            "min_horizontal_flow": 0.01
        }
    },
    "recipe": {
        "state_transitions": {
            "min": 3551.85,
            "min_target": "refined_carbon",
            "min_process": "solidify",
            "max": 4826.85,
            "max_target": "carbon",
            "max_process": "evaporate"
        },
        "additional_state_transition": {}
    }
}