{
    "name": "Steel",
    "id": "molten_steel",
    "_comment": "Steel is a Metal alloy of iron and carbon, heated into a hazardous Liquid state.",
    "data": {
        "properties": [
            "metal_ore",
            "refined_metal",
            "light_emitter",
            "liquid"
        ],
        "thermal_conductivity": 80.0,
        "specific_heat_capacity": 0.386,
        "molar_mass": 63.546,
        "light_absorption_factor": 100.0,
        "additional_info": {
            "max_mass": 3870.0,
            "max_compression": 1.01,
            "viscosity": 100.0,
            "min_vertical_flow": 10.0,
            "min_horizontal_flow": 20.0
        }
    },
    "recipe": {
        "state_transitions": {
            "min": 1083.85,
            "min_target": "steel",
            "min_process": "solidify",
            "max": 3826.85,
            "max_target": "steel",
            "max_process": "evaporate"
        }
    }
}