{
    "name": "Iron",
    "id": "molten_iron",
    "_comment": "(Fe) Iron is a common industrial Metal heated into a Liquid state.",
    "data": {
        "properties": [
            "metal_ore",
            "refined_metal",
            "light_emitter",
            "liquid"
        ],
        "thermal_conductivity": 4.0,
        "specific_heat_capacity": 0.449,
        "molar_mass": 55.845,
        "light_absorption_factor": 100.0,
        "additional_info": {
            "max_mass": 7870.0,
            "max_compression": 1.01,
            "viscosity": 100.0,
            "min_vertical_flow": 3.0,
            "min_horizontal_flow": 30.0
        }
    },
    "recipe": {
        "state_transitions": {
            "min": 1534.85,
            "min_target": "iron",
            "min_process": "solidify",
            "max": 2749.85,
            "max_target": "iron",
            "max_process": "evaporate"
        },
        "additional_state_transition": {}
    }
}