{
    "name": "Uranium",
    "id": "molten_uranium",
    "_comment": "(U) Uranium is a highly Radioactive substance, heated into a hazardous Liquid state.",
    "data": {
        "properties": [
            "metal_ore",
            "refined_metal",
            "light_emitter",
            "liquid"
        ],
        "thermal_conductivity": 2.0,
        "specific_heat_capacity": 1.69,
        "molar_mass": 196.966568,
        "light_absorption_factor": 100.0,
        "additional_info": {
            "max_mass": 9970.0,
            "max_compression": 1.01,
            "viscosity": 100.0,
            "min_vertical_flow": 1.0,
            "min_horizontal_flow": 25.0
        }
    },
    "recipe": {
        "state_transitions": {
            "min": 132.85,
            "min_target": "depleted_uranium",
            "min_process": "solidify",
            "max": 4131.85,
            "max_target": "rock_gas",
            "max_process": "evaporate"
        },
        "additional_state_transition": {}
    }
}