{
    "name": "Glass",
    "id": "molten_glass",
    "_comment": "Molten Glass is a composite of granular rock, heated into a Liquid state.",
    "data": {
        "properties": [
            "light_emitter",
            "liquid"
        ],
        "thermal_conductivity": 1.0,
        "specific_heat_capacity": 0.2,
        "molar_mass": 50.0,
        "light_absorption_factor": 70.0,
        "additional_info": {
            "max_mass": 1840.0,
            "max_compression": 1.01,
            "viscosity": 60.0,
            "min_vertical_flow": 20.0,
            "min_horizontal_flow": 50.0
        }
    },
    "recipe": {
        "state_transitions": {
            "min": 1126.85,
            "min_target": "glass",
            "min_process": "solidify",
            "max": 2356.85,
            "max_target": "rock_gas",
            "max_process": "evaporate"
        },
        "additional_state_transition": {}
    }
}