{
    "name": "Niobium",
    "id": "molten_niobium",
    "_comment": "(Nb) Niobium is a Rare Metal heated into a Liquid state.",
    "data": {
        "properties": [
            "metal_ore",
            "refined_metal",
            "light_emitter",
            "liquid"
        ],
        "thermal_conductivity": 54.0,
        "specific_heat_capacity": 0.265,
        "molar_mass": 92.9,
        "light_absorption_factor": 100.0,
        "additional_info": {
            "max_mass": 3870.0,
            "max_compression": 1.01,
            "viscosity": 100.0,
            "min_vertical_flow": 10.0,
            "min_horizontal_flow": 20.0
        }
    },
    "recipe": {
        "state_transitions": {
            "min": 2476.85,
            "min_target": "niobium",
            "min_process": "solidify",
            "max": 4743.85,
            "max_target": "niobium",
            "max_process": "evaporate"
        },
        "additional_state_transition": {}
    }
}