{
    "name": "Salt",
    "id": "molten_salt",
    "_comment": "(NaCl) Salt is an edible chemical compound that has been heated into a Liquid state.",
    "data": {
        "properties": [
            "liquid"
        ],
        "thermal_conductivity": 0.444,
        "specific_heat_capacity": 0.7,
        "molar_mass": 32.0,
        "light_absorption_factor": 10.0,
        "additional_info": {
            "max_mass": 740.0,
            "max_compression": 1.01,
            "viscosity": 50.0,
            "min_vertical_flow": 0.1,
            "min_horizontal_flow": 0.1
        }
    },
    "recipe": {
        "state_transitions": {
            "min": 799.85,
            "min_target": "salt",
            "min_process": "solidify",
            "max": 1464.85,
            "max_target": "salt",
            "max_process": "evaporate"
        }
    }
}