{
    "name": "Lead",
    "id": "molten_lead",
    "_comment": "(Pb) Lead is an extremely dense Refined Metal heated into a Liquid state.",
    "data": {
        "properties": [
            "metal_ore",
            "refined_metal",
            "light_emitter",
            "liquid"
        ],
        "thermal_conductivity": 11.0,
        "specific_heat_capacity": 0.128,
        "molar_mass": 196.966568,
        "light_absorption_factor": 100.0,
        "additional_info": {
            "max_mass": 9970.0,
            "max_compression": 1.01,
            "viscosity": 100.0,
            "min_vertical_flow": 1.0,
            "min_horizontal_flow": 25.0
        }
    },
    "recipe": {
        "state_transitions": {
            "min": 327.5,
            "min_target": "lead",
            "min_process": "solidify",
            "max": 1749.0,
            "max_target": "lead",
            "max_process": "evaporate"
        }
    }
}