{
    "name": "Gold",
    "id": "molten_gold",
    "_comment": "(Au) Gold is a conductive precious Metal heated into a Liquid state.",
    "data": {
        "properties": [
            "metal_ore",
            "refined_metal",
            "light_emitter",
            "liquid"
        ],
        "thermal_conductivity": 6.0,
        "specific_heat_capacity": 0.1291,
        "molar_mass": 196.966568,
        "light_absorption_factor": 100.0,
        "additional_info": {
            "max_mass": 9970.0,
            "max_compression": 1.01,
            "viscosity": 100.0,
            "min_vertical_flow": 1.0,
            "min_horizontal_flow": 25.0
        }
    },
    "recipe": {
        "state_transitions": {
            "min": 1063.85,
            "min_target": "gold",
            "min_process": "solidify",
            "max": 2855.85,
            "max_target": "gold",
            "max_process": "evaporate"
        },
        "additional_state_transition": {}
    }
}