{
    "name": "Naphtha",
    "id": "naphtha",
    "_comment": "Naphtha a distilled hydrocarbon mixture produced from the burning of Plastic.",
    "data": {
        "properties": [
            "hydrocarbon",
            "liquid"
        ],
        "thermal_conductivity": 0.2,
        "specific_heat_capacity": 2.191,
        "molar_mass": 102.2,
        "light_absorption_factor": 80.0,
        "additional_info": {
            "max_mass": 740.0,
            "max_compression": 1.01,
            "viscosity": 30.0,
            "min_vertical_flow": 10.0,
            "min_horizontal_flow": 10.0
        }
    },
    "recipe": {
        "state_transitions": {
            "min": -50.15,
            "min_target": "naphtha",
            "min_process": "solidify",
            "max": 538.85,
            "max_target": "sour_gas",
            "max_process": "evaporate"
        },
        "additional_state_transition": {}
    }
}