{
    "name": "Nuclear Waste",
    "id": "nuclear_waste",
    "_comment": "Highly toxic liquid full of Radioactive Contaminants which emit Radiation that can be absorbed by Radbolt Generators.",
    "data": {
        "properties": [
            "light_emitter",
            "liquid"
        ],
        "thermal_conductivity": 6.0,
        "specific_heat_capacity": 7.44,
        "molar_mass": 196.966568,
        "light_absorption_factor": 100.0,
        "additional_info": {
            "max_mass": 1000.0,
            "max_compression": 1.01,
            "viscosity": 100.0,
            "min_vertical_flow": 1.0,
            "min_horizontal_flow": 25.0
        }
    },
    "recipe": {
        "state_transitions": {
            "min": 26.85,
            "min_target": "solid_nuclear_waste",
            "min_process": "solidify",
            "max": 526.85,
            "max_target": "nuclear_fallout",
            "max_process": "evaporate"
        },
        "sublimate_in": {},
        "sublimates_from": {}
    }
}