{
    "name": "Petroleum",
    "id": "petroleum",
    "_comment": "Petroleum is a Power source refined from Crude Oil.",
    "data": {
        "properties": [
            "combustible_liquid",
            "liquid"
        ],
        "thermal_conductivity": 2.0,
        "specific_heat_capacity": 1.76,
        "molar_mass": 82.2,
        "light_absorption_factor": 80.0,
        "additional_info": {
            "max_mass": 740.0,
            "max_compression": 1.01,
            "viscosity": 50.0,
            "min_vertical_flow": 0.1,
            "min_horizontal_flow": 0.1
        }
    },
    "recipe": {
        "state_transitions": {
            "min": -57.15,
            "min_target": "petroleum",
            "min_process": "solidify",
            "max": 538.85,
            "max_target": "sour_gas",
            "max_process": "evaporate"
        },
        "additional_state_transition": {}
    }
}