{
    "name": "Polluted Water",
    "id": "polluted_water",
    "_comment": "Polluted Water is dirty, unfiltered Water.",
    "data": {
        "properties": [
            "mixture",
            "water_based",
            "liquid"
        ],
        "thermal_conductivity": 0.58,
        "specific_heat_capacity": 4.179,
        "molar_mass": 20.0,
        "light_absorption_factor": 70.0,
        "additional_info": {
            "max_mass": 1000.0,
            "max_compression": 1.01,
            "viscosity": 125.0,
            "min_vertical_flow": 0.01,
            "min_horizontal_flow": 0.01
        }
    },
    "recipe": {
        "state_transitions": {
            "min": -20.65,
            "min_target": "polluted_ice",
            "min_process": "solidify",
            "max": 119.35,
            "max_target": "steam",
            "max_process": "evaporate"
        },
        "sublimate_in": {},
        "produced": {}
    }
}