{
    "name": "Resin",
    "id": "resin",
    "_comment": "Sticky goo harvested from a grumpy tree.",
    "data": {
        "properties": [
            "liquid"
        ],
        "thermal_conductivity": 0.15,
        "specific_heat_capacity": 1.11,
        "molar_mass": 52.5,
        "light_absorption_factor": 80.0,
        "additional_info": {
            "max_mass": 920.0,
            "max_compression": 1.01,
            "viscosity": 1.1,
            "min_vertical_flow": 0.01,
            "min_horizontal_flow": 1.1
        }
    },
    "recipe": {
        "state_transitions": {
            "min": 20.0,
            "min_target": "resin",
            "min_process": "solidify",
            "max": 125.0,
            "max_target": "steam",
            "max_process": "evaporate"
        }
    }
}