{
    "name": "Salt Water",
    "id": "salt_water",
    "_comment": "Salt Water is a natural, lightly concentrated solution of Salt dissolved in Water.",
    "data": {
        "properties": [
            "water_based",
            "liquid"
        ],
        "thermal_conductivity": 0.609,
        "specific_heat_capacity": 4.1,
        "molar_mass": 21.0,
        "light_absorption_factor": 25.0,
        "additional_info": {
            "max_mass": 1100.0,
            "max_compression": 1.01,
            "viscosity": 100.0,
            "min_vertical_flow": 0.01,
            "min_horizontal_flow": 0.01
        }
    },
    "recipe": {
        "state_transitions": {
            "min": -7.5,
            "min_target": "brine",
            "min_process": "solidify",
            "max": 99.69,
            "max_target": "steam",
            "max_process": "evaporate"
        },
        "produced": {}
    }
}