{
    "name": "Super Coolant",
    "id": "super_coolant",
    "_comment": "Super Coolant is an industrial grade coolant that utilizes the unusual energy states of Fullerene.",
    "data": {
        "properties": [
            "liquid"
        ],
        "thermal_conductivity": 9.46,
        "specific_heat_capacity": 8.44,
        "molar_mass": 250.0,
        "light_absorption_factor": 90.0,
        "additional_info": {
            "max_mass": 910.0,
            "max_compression": 1.01,
            "viscosity": 150.0,
            "min_vertical_flow": 0.01,
            "min_horizontal_flow": 0.01
        }
    },
    "recipe": {
        "state_transitions": {
            "min": -271.15,
            "min_target": "super_coolant",
            "min_process": "solidify",
            "max": 436.85,
            "max_target": "super_coolant",
            "max_process": "evaporate"
        },
        "produced": {}
    }
}