{
    "name": "Water",
    "id": "water",
    "_comment": "(H2O) Clean Water, suitable for consumption.",
    "data": {
        "properties": [
            "water_based",
            "liquid"
        ],
        "thermal_conductivity": 0.609,
        "specific_heat_capacity": 4.179,
        "molar_mass": 18.01528,
        "light_absorption_factor": 25.0,
        "additional_info": {
            "max_mass": 1000.0,
            "max_compression": 1.01,
            "viscosity": 125.0,
            "min_vertical_flow": 0.01,
            "min_horizontal_flow": 0.01
        }
    },
    "recipe": {
        "state_transitions": {
            "min": -0.65,
            "min_target": "ice",
            "min_process": "solidify",
            "max": 99.35,
            "max_target": "steam",
            "max_process": "evaporate"
        },
        "growth": {}
    }
}