{
    "name": "Regolith",
    "id": "regolith",
    "_comment": "Regolith is a sandy substance composed of the various particles that collect atop terrestrial objects.",
    "data": {
        "properties": [
            "unstable",
            "solid",
            "filtration_medium"
        ],
        "thermal_conductivity": 1.0,
        "specific_heat_capacity": 0.2,
        "molar_mass": 50.0,
        "hardness": 2.0,
        "light_absorption_factor": 100.0,
        "additional_info": {
            "max_mass": 1000.0,
            "min_horizontal_flow": 50.0
        }
    },
    "recipe": {
        "state_transitions": {
            "max": 1409.85,
            "max_target": "magma",
            "max_process": "melt"
        },
        "produced": {}
    }
}