{
    "name": "Sand",
    "id": "sand",
    "_comment": "Sand is a composite of granular rock.",
    "data": {
        "properties": [
            "unstable",
            "solid",
            "filtration_medium"
        ],
        "thermal_conductivity": 2.0,
        "specific_heat_capacity": 0.83,
        "molar_mass": 50.0,
        "hardness": 10.0,
        "light_absorption_factor": 100.0,
        "additional_info": {
            "max_mass": 1840.0,
            "min_horizontal_flow": 50.0
        }
    },
    "recipe": {
        "state_transitions": {
            "max": 1712.85,
            "max_target": "glass",
            "max_process": "melt"
        },
        "additional_state_transition": {}
    }
}