{
    "name": "Bleach Stone",
    "id": "bleach_stone",
    "_comment": "Bleach stone is an unstable compound that emits unbreathable Chlorine.",
    "data": {
        "properties": [
            "bait",
            "solid",
            "consumable_ore"
        ],
        "thermal_conductivity": 4.0,
        "specific_heat_capacity": 0.5,
        "molar_mass": 43.0,
        "hardness": 50.0,
        "light_absorption_factor": 100.0,
        "additional_info": {
            "max_mass": 500.0
        }
    },
    "recipe": {
        "state_transitions": {
            "max": 668.85,
            "max_target": "chlorine",
            "max_process": "melt"
        },
        "sublimate_in": {},
        "produced": {}
    }
}