{
    "name": "Coal",
    "id": "coal",
    "_comment": "(C) Coal is a combustible fossil fuel composed of carbon.",
    "data": {
        "properties": [
            "coal",
            "generic_buildable",
            "solid",
            "consumable_ore"
        ],
        "thermal_conductivity": 1.25,
        "specific_heat_capacity": 0.71,
        "molar_mass": 12.0107,
        "hardness": 2.0,
        "light_absorption_factor": 100.0,
        "additional_info": {
            "max_mass": 4000.0
        }
    },
    "recipe": {
        "state_transitions": {
            "max": 276.85,
            "max_target": "refined_carbon",
            "max_process": "melt"
        },
        "produced": {}
    }
}