{
    "name": "Lime",
    "id": "lime",
    "_comment": "(CaCO3) Lime is a mineral commonly found in Critter egg shells.",
    "data": {
        "properties": [
            "solid",
            "consumable_ore"
        ],
        "thermal_conductivity": 2.0,
        "specific_heat_capacity": 0.834,
        "molar_mass": 200.0,
        "hardness": 50.0,
        "light_absorption_factor": 100.0,
        "additional_info": {
            "max_mass": 1840.0
        }
    },
    "recipe": {
        "state_transitions": {
            "max": 1056.85,
            "max_target": "magma",
            "max_process": "melt"
        },
        "produced": {}
    }
}