{
    "name": "Phosphorus",
    "id": "phosphorus",
    "_comment": "(P) Phosphorus is a chemical element in its Solid state.",
    "data": {
        "properties": [
            "bait",
            "solid",
            "consumable_ore"
        ],
        "thermal_conductivity": 0.236,
        "specific_heat_capacity": 0.7697,
        "molar_mass": 30.9737625,
        "hardness": 0.0,
        "light_absorption_factor": 100.0,
        "additional_info": {
            "max_mass": 1000.0
        }
    },
    "recipe": {
        "state_transitions": {
            "max": 44.15,
            "max_target": "phosphorus",
            "max_process": "melt"
        },
        "consumed": {}
    }
}