{
    "name": "Refined Carbon",
    "id": "refined_carbon",
    "_comment": "(C) Refined carbon is solid element purified from raw Coal.",
    "data": {
        "properties": [
            "insulator",
            "solid",
            "consumable_ore"
        ],
        "thermal_conductivity": 3.1,
        "specific_heat_capacity": 1.74,
        "molar_mass": 12.0107,
        "hardness": 2.0,
        "light_absorption_factor": 100.0,
        "overheat_temp_modifier": 900.0,
        "additional_info": {
            "max_mass": 4000.0
        }
    },
    "recipe": {
        "state_transitions": {
            "max": 4326.85,
            "max_target": "carbon",
            "max_process": "melt"
        },
        "additional_state_transition": {}
    }
}