{
    "name": "Salt",
    "id": "salt",
    "_comment": "(NaCl) Salt, also known as sodium chloride, is an edible chemical compound.",
    "data": {
        "properties": [
            "solid",
            "consumable_ore"
        ],
        "thermal_conductivity": 0.444,
        "specific_heat_capacity": 0.7,
        "molar_mass": 50.0,
        "hardness": 5.0,
        "light_absorption_factor": 100.0,
        "additional_info": {
            "max_mass": 2000.0
        }
    },
    "recipe": {
        "state_transitions": {
            "max": 799.85,
            "max_target": "salt",
            "max_process": "melt"
        },
        "growth": {}
    }
}