{
    "name": "Methane",
    "id": "solid_methane",
    "_comment": "(CH4) Methane is an alkane in a Solid state.",
    "data": {
        "properties": [
            "solid",
            "consumable_ore"
        ],
        "thermal_conductivity": 0.03,
        "specific_heat_capacity": 2.191,
        "molar_mass": 16.044,
        "hardness": 2.0,
        "light_absorption_factor": 100.0,
        "additional_info": {
            "max_mass": 750.0
        }
    },
    "recipe": {
        "state_transitions": {
            "max": -182.6,
            "max_target": "methane",
            "max_process": "melt"
        },
        "produced": {}
    }
}