{
    "name": "Sucrose",
    "id": "sucrose",
    "_comment": "(C12H22O11) Sucrose is the raw form of sugar.",
    "data": {
        "properties": [
            "solid",
            "consumable_ore"
        ],
        "thermal_conductivity": 0.15,
        "specific_heat_capacity": 1.255,
        "molar_mass": 342.3,
        "hardness": 5.0,
        "light_absorption_factor": 100.0,
        "additional_info": {
            "max_mass": 2000.0
        }
    },
    "recipe": {
        "state_transitions": {
            "max": 185.85,
            "max_target": "sucrose",
            "max_process": "melt"
        },
        "produced": {}
    }
}