{
    "name": "Bitumen",
    "id": "bitumen",
    "_comment": "Bitumen is a sticky viscous residue left behind from Petroleum production.",
    "data": {
        "properties": [
            "solid"
        ],
        "thermal_conductivity": 0.17,
        "specific_heat_capacity": 1.76,
        "molar_mass": 82.2,
        "hardness": 2.0,
        "light_absorption_factor": 100.0,
        "additional_info": {
            "max_mass": 1840.0
        }
    },
    "recipe": {
        "state_transitions": {
            "max": 538.85,
            "max_target": "carbon_dioxide",
            "max_process": "melt"
        }
    }
}