{
    "name": "Genetic Ooze",
    "id": "genetic_ooze",
    "_comment": "(DuPe) Ooze is a slurry of water, carbon, and dozens and dozens of trace elements.",
    "data": {
        "properties": [
            "solid"
        ],
        "thermal_conductivity": 0.6,
        "specific_heat_capacity": 3.47,
        "molar_mass": 25.0,
        "hardness": 10.0,
        "light_absorption_factor": 100.0,
        "additional_info": {
            "max_mass": 200.0
        }
    },
    "recipe": {
        "state_transitions": {
            "max": 9726.85,
            "max_target": "genetic_ooze",
            "max_process": "melt"
        },
        "produced": {}
    }
}