{
    "name": "Radium",
    "id": "radium",
    "_comment": "(Ra) Radium is a Light emitting radioactive substance.",
    "data": {
        "properties": [
            "solid"
        ],
        "thermal_conductivity": 20.0,
        "specific_heat_capacity": 1.0,
        "molar_mass": 120.0,
        "hardness": 250.0,
        "light_absorption_factor": 100.0,
        "additional_info": {
            "max_mass": 200.0
        }
    },
    "recipe": {
        "state_transitions": {
            "max": 959.85,
            "max_target": "magma",
            "max_process": "melt"
        }
    }
}