{
    "name": "Ethanol",
    "id": "solid_ethanol",
    "_comment": "(C2H6O) Ethanol is an advanced chemical compound.",
    "data": {
        "properties": [
            "solid"
        ],
        "thermal_conductivity": 20.0,
        "specific_heat_capacity": 2.46,
        "molar_mass": 46.07,
        "hardness": 250.0,
        "light_absorption_factor": 100.0,
        "additional_info": {
            "max_mass": 200.0
        }
    },
    "recipe": {
        "state_transitions": {
            "max": -114.05,
            "max_target": "ethanol",
            "max_process": "melt"
        }
    }
}