{
    "name": "Crushed Rock",
    "id": "crushed_rock",
    "_comment": "Crushed Rock is Igneous Rock crushed into a mechanical mixture.",
    "data": {
        "properties": [
            "unstable",
            "solid",
            "refined_mineral"
        ],
        "thermal_conductivity": 2.0,
        "specific_heat_capacity": 0.2,
        "molar_mass": 50.0,
        "hardness": 10.0,
        "light_absorption_factor": 100.0,
        "additional_info": {
            "max_mass": 1840.0,
            "min_horizontal_flow": 50.0
        }
    },
    "recipe": {
        "state_transitions": {
            "max": 1409.85,
            "max_target": "magma",
            "max_process": "melt"
        },
        "produced": {}
    }
}