{
    "name": "Ceramic",
    "id": "ceramic",
    "_comment": "Ceramic is a hard, brittle material formed from heated Clay.",
    "data": {
        "properties": [
            "plumbable",
            "crushable",
            "generic_buildable",
            "insulator",
            "solid",
            "raw_mineral"
        ],
        "thermal_conductivity": 0.62,
        "specific_heat_capacity": 0.84,
        "molar_mass": 25.0,
        "hardness": 50.0,
        "light_absorption_factor": 100.0,
        "decor_modifier": 20.0,
        "overheat_temp_modifier": 200.0,
        "additional_info": {
            "max_mass": 2000.0
        }
    },
    "recipe": {
        "state_transitions": {
            "max": 1849.85,
            "max_target": "magma",
            "max_process": "melt"
        },
        "additional_state_transition": {}
    }
}