{
    "name": "Fossil",
    "id": "fossil",
    "_comment": "Fossil is organic matter, highly compressed and hardened into a mineral state.",
    "data": {
        "properties": [
            "solid",
            "raw_mineral"
        ],
        "thermal_conductivity": 2.0,
        "specific_heat_capacity": 0.91,
        "molar_mass": 200.0,
        "hardness": 50.0,
        "light_absorption_factor": 100.0,
        "additional_info": {
            "max_mass": 1000.0
        }
    },
    "recipe": {
        "state_transitions": {
            "max": 1338.85,
            "max_target": "magma",
            "max_process": "melt"
        },
        "produced": {}
    }
}