{
    "name": "Granite",
    "id": "granite",
    "_comment": "Granite is a dense composite of Igneous Rock.",
    "data": {
        "properties": [
            "plumbable",
            "crushable",
            "generic_buildable",
            "precious_rock",
            "solid",
            "raw_mineral"
        ],
        "thermal_conductivity": 3.39,
        "specific_heat_capacity": 0.79,
        "molar_mass": 50.0,
        "hardness": 80.0,
        "light_absorption_factor": 100.0,
        "decor_modifier": 20.0,
        "overheat_temp_modifier": 15.0,
        "additional_info": {
            "max_mass": 1840.0
        }
    },
    "recipe": {
        "state_transitions": {
            "max": 668.85,
            "max_target": "magma",
            "max_process": "melt"
        },
        "consumed": {}
    }
}