{
    "name": "Graphite",
    "id": "graphite",
    "_comment": "(C) Graphite is the most stable form of carbon.",
    "data": {
        "properties": [
            "solid",
            "raw_mineral"
        ],
        "thermal_conductivity": 8.0,
        "specific_heat_capacity": 0.71,
        "molar_mass": 12.0107,
        "hardness": 0.0,
        "light_absorption_factor": 100.0,
        "additional_info": {
            "max_mass": 600.0
        }
    },
    "recipe": {
        "state_transitions": {
            "max": 276.85,
            "max_target": "refined_carbon",
            "max_process": "melt"
        },
        "produced": {}
    }
}