{
    "name": "Mafic Rock",
    "id": "mafic_rock",
    "_comment": "Mafic Rock an Iron-rich variation of Igneous Rock.",
    "data": {
        "properties": [
            "generic_buildable",
            "solid",
            "raw_mineral"
        ],
        "thermal_conductivity": 1.0,
        "specific_heat_capacity": 0.2,
        "molar_mass": 50.0,
        "hardness": 2.0,
        "light_absorption_factor": 100.0,
        "additional_info": {
            "max_mass": 1840.0
        }
    },
    "recipe": {
        "state_transitions": {
            "max": 1409.85,
            "max_target": "magma",
            "max_process": "melt"
        },
        "produced": {}
    }
}