{
    "name": "Obsidian",
    "id": "obsidian",
    "_comment": "Obsidian is a brittle composite of volcanic Glass.",
    "data": {
        "properties": [
            "plumbable",
            "crushable",
            "generic_buildable",
            "precious_rock",
            "solid",
            "raw_mineral"
        ],
        "thermal_conductivity": 2.0,
        "specific_heat_capacity": 0.2,
        "molar_mass": 50.0,
        "hardness": 200.0,
        "light_absorption_factor": 100.0,
        "overheat_temp_modifier": 15.0,
        "additional_info": {
            "max_mass": 1840.0
        }
    },
    "recipe": {
        "state_transitions": {
            "max": 2726.85,
            "max_target": "magma",
            "max_process": "melt"
        },
        "produced": {}
    }
}