{
    "name": "Sandstone",
    "id": "sandstone",
    "_comment": "Sandstone is a composite of relatively soft sedimentary rock.",
    "data": {
        "properties": [
            "plumbable",
            "crushable",
            "generic_buildable",
            "solid",
            "raw_mineral"
        ],
        "thermal_conductivity": 2.9,
        "specific_heat_capacity": 0.8,
        "molar_mass": 50.0,
        "hardness": 10.0,
        "light_absorption_factor": 100.0,
        "decor_modifier": 10.0,
        "additional_info": {
            "max_mass": 1840.0
        }
    },
    "recipe": {
        "state_transitions": {
            "max": 926.85,
            "max_target": "magma",
            "max_process": "melt"
        },
        "consumed": {}
    }
}