{
    "name": "Sedimentary Rock",
    "id": "sedimentary_rock",
    "_comment": "Sedimentary Rock is a hardened composite of sediment layers.",
    "data": {
        "properties": [
            "plumbable",
            "crushable",
            "generic_buildable",
            "solid",
            "raw_mineral"
        ],
        "thermal_conductivity": 2.0,
        "specific_heat_capacity": 0.2,
        "molar_mass": 50.0,
        "hardness": 2.0,
        "light_absorption_factor": 100.0,
        "additional_info": {
            "max_mass": 1840.0
        }
    },
    "recipe": {
        "state_transitions": {
            "max": 926.85,
            "max_target": "magma",
            "max_process": "melt"
        },
        "produced": {}
    }
}