{
    "name": "Aluminum",
    "id": "aluminum_gas",
    "_comment": "(Al) Aluminum is a low density Metal heated into a Gaseous state.",
    "data": {
        "properties": [
            "metal_ore",
            "refined_metal",
            "light_emitter",
            "gas",
            "unbreathable_gas"
        ],
        "thermal_conductivity": 2.5,
        "specific_heat_capacity": 0.91,
        "molar_mass": 63.546,
        "light_absorption_factor": 50.0,
        "additional_info": {
            "max_mass": 1.8,
            "flow": 0.1
        }
    },
    "recipe": {
        "state_transitions": {
            "min": 2470.0,
            "min_target": "aluminum",
            "min_process": "condense"
        }
    }
}