{
    "name": "Carbon",
    "id": "carbon_gas",
    "_comment": "(C) Carbon is an abundant, versatile element heated into a Gaseous state.",
    "data": {
        "properties": [
            "light_emitter",
            "gas",
            "unbreathable_gas"
        ],
        "thermal_conductivity": 1.7,
        "specific_heat_capacity": 0.71,
        "molar_mass": 12.0107,
        "light_absorption_factor": 30.0,
        "additional_info": {
            "max_mass": 1.8,
            "flow": 0.1
        }
    },
    "recipe": {
        "state_transitions": {
            "min": 4826.85,
            "min_target": "carbon",
            "min_process": "condense"
        }
    }
}