{
    "name": "Carbon Dioxide",
    "id": "carbon_dioxide",
    "_comment": "(CO2) Carbon Dioxide is an atomically heavy chemical compound in a Gaseous state.",
    "data": {
        "properties": [
            "gas",
            "unbreathable_gas"
        ],
        "thermal_conductivity": 0.0146,
        "specific_heat_capacity": 0.846,
        "molar_mass": 44.01,
        "light_absorption_factor": 10.0,
        "additional_info": {
            "max_mass": 1.8,
            "flow": 0.1
        }
    },
    "recipe": {
        "state_transitions": {
            "min": -48.15,
            "min_target": "carbon_dioxide",
            "min_process": "condense"
        },
        "additional_state_transition": {}
    }
}