{
    "name": "Chlorine",
    "id": "chlorine_gas",
    "_comment": "(Cl) Chlorine is a natural Germ-killing element in a Gaseous state.",
    "data": {
        "properties": [
            "gas",
            "unbreathable_gas"
        ],
        "thermal_conductivity": 0.0081,
        "specific_heat_capacity": 0.48,
        "molar_mass": 34.453,
        "light_absorption_factor": 20.0,
        "additional_info": {
            "max_mass": 1.8,
            "flow": 0.1
        }
    },
    "recipe": {
        "state_transitions": {
            "min": -34.6,
            "min_target": "chlorine",
            "min_process": "condense"
        },
        "sublimates_from": {}
    }
}