{
    "name": "Cobalt",
    "id": "cobalt_gas",
    "_comment": "(Co) Cobalt is a Refined Metal, heated into a Gas.",
    "data": {
        "properties": [
            "metal_ore",
            "refined_metal",
            "light_emitter",
            "gas",
            "unbreathable_gas"
        ],
        "thermal_conductivity": 1.0,
        "specific_heat_capacity": 0.42,
        "molar_mass": 58.9,
        "light_absorption_factor": 50.0,
        "additional_info": {
            "max_mass": 1.8,
            "flow": 0.1
        }
    },
    "recipe": {
        "state_transitions": {
            "min": 2926.85,
            "min_target": "cobalt",
            "min_process": "condense"
        }
    }
}