{
    "name": "Copper",
    "id": "copper_gas",
    "_comment": "(Cu) Copper is a conductive Metal heated into a Gas.",
    "data": {
        "properties": [
            "metal_ore",
            "refined_metal",
            "light_emitter",
            "gas",
            "unbreathable_gas"
        ],
        "thermal_conductivity": 1.0,
        "specific_heat_capacity": 0.386,
        "molar_mass": 63.546,
        "light_absorption_factor": 50.0,
        "additional_info": {
            "max_mass": 1.8,
            "flow": 0.1
        }
    },
    "recipe": {
        "state_transitions": {
            "min": 2560.85,
            "min_target": "copper",
            "min_process": "condense"
        }
    }
}