{
    "name": "Ethanol",
    "id": "ethanol_gas",
    "_comment": "(C2H6O) Ethanol is an advanced chemical compound heated into a Gaseous state.",
    "data": {
        "properties": [
            "gas",
            "unbreathable_gas"
        ],
        "thermal_conductivity": 0.167,
        "specific_heat_capacity": 2.148,
        "molar_mass": 46.07,
        "light_absorption_factor": 50.0,
        "additional_info": {
            "max_mass": 1.8,
            "flow": 0.1
        }
    },
    "recipe": {
        "state_transitions": {
            "min": 78.35,
            "min_target": "ethanol",
            "min_process": "condense"
        }
    }
}