{
    "name": "Gold",
    "id": "gold_gas",
    "_comment": "(Au) Gold is a conductive precious Metal, heated into a Gas.",
    "data": {
        "properties": [
            "metal_ore",
            "refined_metal",
            "light_emitter",
            "gas",
            "unbreathable_gas"
        ],
        "thermal_conductivity": 1.0,
        "specific_heat_capacity": 0.1291,
        "molar_mass": 196.966568,
        "light_absorption_factor": 50.0,
        "additional_info": {
            "max_mass": 1.8,
            "flow": 0.1
        }
    },
    "recipe": {
        "state_transitions": {
            "min": 2855.85,
            "min_target": "gold",
            "min_process": "condense"
        }
    }
}