{
    "name": "Hydrogen",
    "id": "hydrogen",
    "_comment": "(H) Hydrogen is the universe's most common and atomically light element in a Gaseous state.",
    "data": {
        "properties": [
            "gas",
            "unbreathable_gas"
        ],
        "thermal_conductivity": 0.168,
        "specific_heat_capacity": 2.4,
        "molar_mass": 1.00794,
        "light_absorption_factor": 10.0,
        "additional_info": {
            "max_mass": 1.8,
            "flow": 0.1
        }
    },
    "recipe": {
        "state_transitions": {
            "min": -252.15,
            "min_target": "hydrogen",
            "min_process": "condense"
        },
        "produced": {}
    }
}