{
    "name": "Iron",
    "id": "iron_gas",
    "_comment": "(Fe) Iron is a common industrial Metal, heated into a Gas.",
    "data": {
        "properties": [
            "metal_ore",
            "refined_metal",
            "light_emitter",
            "gas",
            "unbreathable_gas"
        ],
        "thermal_conductivity": 1.0,
        "specific_heat_capacity": 0.449,
        "molar_mass": 55.845,
        "light_absorption_factor": 50.0,
        "additional_info": {
            "max_mass": 1.8,
            "flow": 0.1
        }
    },
    "recipe": {
        "state_transitions": {
            "min": 2749.85,
            "min_target": "iron",
            "min_process": "condense"
        }
    }
}