{
    "name": "Lead",
    "id": "lead_gas",
    "_comment": "(Pb) Lead is a soft yet extremely dense Refined Metal heated into a Gaseous.",
    "data": {
        "properties": [
            "metal_ore",
            "refined_metal",
            "light_emitter",
            "gas",
            "unbreathable_gas"
        ],
        "thermal_conductivity": 3.5,
        "specific_heat_capacity": 0.128,
        "molar_mass": 196.966568,
        "light_absorption_factor": 50.0,
        "additional_info": {
            "max_mass": 1.8,
            "flow": 0.1
        }
    },
    "recipe": {
        "state_transitions": {
            "min": 1749.0,
            "min_target": "lead",
            "min_process": "condense"
        }
    }
}