{
    "name": "Natural Gas",
    "id": "methane",
    "_comment": "Natural Gas is a mixture of various alkanes in a Gaseous state.",
    "data": {
        "properties": [
            "combustible_gas",
            "gas",
            "unbreathable_gas"
        ],
        "thermal_conductivity": 0.035,
        "specific_heat_capacity": 2.191,
        "molar_mass": 16.044,
        "light_absorption_factor": 25.0,
        "additional_info": {
            "max_mass": 1.8,
            "flow": 0.1
        }
    },
    "recipe": {
        "state_transitions": {
            "min": -161.5,
            "min_target": "methane",
            "min_process": "condense"
        },
        "produced": {}
    }
}