{
    "name": "Niobium",
    "id": "niobium_gas",
    "_comment": "(Nb) Niobium is a Rare Metal.",
    "data": {
        "properties": [
            "metal_ore",
            "refined_metal",
            "light_emitter",
            "gas",
            "unbreathable_gas"
        ],
        "thermal_conductivity": 1.0,
        "specific_heat_capacity": 0.265,
        "molar_mass": 92.9,
        "light_absorption_factor": 50.0,
        "additional_info": {
            "max_mass": 1.8,
            "flow": 0.1
        }
    },
    "recipe": {
        "state_transitions": {
            "min": 4743.85,
            "min_target": "niobium",
            "min_process": "condense"
        }
    }
}