{
    "name": "Nuclear Fallout",
    "id": "nuclear_fallout",
    "_comment": "Nuclear Fallout is a highly toxic gas full of Radioactive Contaminants. Condenses into Nuclear Waste.",
    "data": {
        "properties": [
            "light_emitter",
            "gas",
            "unbreathable_gas"
        ],
        "thermal_conductivity": 1.0,
        "specific_heat_capacity": 0.265,
        "molar_mass": 92.9,
        "light_absorption_factor": 50.0,
        "additional_info": {
            "max_mass": 1.8,
            "flow": 0.1
        }
    },
    "recipe": {
        "state_transitions": {
            "min": 66.85,
            "min_target": "nuclear_waste",
            "min_process": "condense"
        },
        "additional_state_transition": {}
    }
}