{
    "name": "Phosphorus",
    "id": "phosphorus_gas",
    "_comment": "(P) Phosphorus is a chemical element in a Gaseous state.",
    "data": {
        "properties": [
            "light_emitter",
            "gas",
            "unbreathable_gas"
        ],
        "thermal_conductivity": 0.236,
        "specific_heat_capacity": 0.7697,
        "molar_mass": 30.9737625,
        "light_absorption_factor": 50.0,
        "additional_info": {
            "max_mass": 1.8,
            "flow": 0.1
        }
    },
    "recipe": {
        "state_transitions": {
            "min": 280.45,
            "min_target": "phosphorus",
            "min_process": "condense"
        }
    }
}