{
    "name": "Propane",
    "id": "propane",
    "_comment": "(C3H8) Propane is a natural alkane Gas.",
    "data": {
        "properties": [
            "gas",
            "unbreathable_gas"
        ],
        "thermal_conductivity": 0.015,
        "specific_heat_capacity": 2.4,
        "molar_mass": 44.1,
        "light_absorption_factor": 25.0,
        "additional_info": {
            "max_mass": 1.8,
            "flow": 0.1
        }
    },
    "recipe": {
        "state_transitions": {
            "min": -42.15,
            "min_target": "propane",
            "min_process": "condense"
        }
    }
}