{
    "name": "Rock Gas",
    "id": "rock_gas",
    "_comment": "Rock Gas is rock that has been superheated into a Gaseous state.",
    "data": {
        "properties": [
            "light_emitter",
            "gas",
            "unbreathable_gas"
        ],
        "thermal_conductivity": 0.1,
        "specific_heat_capacity": 1.0,
        "molar_mass": 50.0,
        "light_absorption_factor": 50.0,
        "additional_info": {
            "max_mass": 1.8,
            "flow": 0.1
        }
    },
    "recipe": {
        "state_transitions": {
            "min": 2356.85,
            "min_target": "magma",
            "min_process": "condense"
        },
        "additional_state_transition": {}
    }
}