{
    "name": "Salt",
    "id": "salt_gas",
    "_comment": "(NaCl) Salt Gas is an edible chemical compound that has been superheated into a Gaseous state.",
    "data": {
        "properties": [
            "gas",
            "unbreathable_gas"
        ],
        "thermal_conductivity": 0.444,
        "specific_heat_capacity": 0.88,
        "molar_mass": 50.0,
        "light_absorption_factor": 10.0,
        "additional_info": {
            "max_mass": 1.8,
            "flow": 0.1
        }
    },
    "recipe": {
        "state_transitions": {
            "min": 1464.85,
            "min_target": "salt",
            "min_process": "condense"
        }
    }
}