{
    "name": "Sour Gas",
    "id": "sour_gas",
    "_comment": "Sour Gas is a hydrocarbon Gas containing high concentrations of hydrogen sulfide.",
    "data": {
        "properties": [
            "gas",
            "unbreathable_gas"
        ],
        "thermal_conductivity": 0.018,
        "specific_heat_capacity": 1.898,
        "molar_mass": 19.044,
        "light_absorption_factor": 25.0,
        "additional_info": {
            "max_mass": 1.8,
            "flow": 0.1
        }
    },
    "recipe": {
        "state_transitions": {
            "min": -161.5,
            "min_target": "methane",
            "min_process": "condense"
        },
        "additional_state_transition": {}
    }
}