{
    "name": "Steam",
    "id": "steam",
    "_comment": "(H20) Steam is Water that has been heated into a scalding Gas.",
    "data": {
        "properties": [
            "gas",
            "unbreathable_gas"
        ],
        "thermal_conductivity": 0.184,
        "specific_heat_capacity": 4.179,
        "molar_mass": 18.01528,
        "light_absorption_factor": 10.0,
        "additional_info": {
            "max_mass": 1.8,
            "flow": 0.1
        }
    },
    "recipe": {
        "state_transitions": {
            "min": 99.35,
            "min_target": "water",
            "min_process": "condense"
        },
        "additional_state_transition": {}
    }
}