{
    "name": "Steel",
    "id": "steel_gas",
    "_comment": "Steel is a superheated Metal Gas composed of iron and carbon.",
    "data": {
        "properties": [
            "metal_ore",
            "alloy",
            "refined_metal",
            "light_emitter",
            "gas",
            "unbreathable_gas"
        ],
        "thermal_conductivity": 1.0,
        "specific_heat_capacity": 0.49,
        "molar_mass": 54.97,
        "light_absorption_factor": 50.0,
        "additional_info": {
            "max_mass": 1.8,
            "flow": 0.1
        }
    },
    "recipe": {
        "state_transitions": {
            "min": 3826.85,
            "min_target": "steel",
            "min_process": "condense"
        }
    }
}