{
    "name": "Sulfur",
    "id": "sulfur_gas",
    "_comment": "(S) Sulfur is a common chemical element and byproduct of Natural Gas production.",
    "data": {
        "properties": [
            "gas",
            "unbreathable_gas"
        ],
        "thermal_conductivity": 0.2,
        "specific_heat_capacity": 0.7,
        "molar_mass": 32.0,
        "light_absorption_factor": 10.0,
        "additional_info": {
            "max_mass": 1.8,
            "flow": 0.1
        }
    },
    "recipe": {
        "state_transitions": {
            "min": 337.0,
            "min_target": "liquid_sulfur",
            "min_process": "condense"
        }
    }
}