{
    "name": "Super Coolant",
    "id": "super_coolant_gas",
    "_comment": "Super Coolant is an industrial grade Fullerene coolant.",
    "data": {
        "properties": [
            "gas",
            "unbreathable_gas"
        ],
        "thermal_conductivity": 1.2,
        "specific_heat_capacity": 8.44,
        "molar_mass": 190.0,
        "light_absorption_factor": 50.0,
        "additional_info": {
            "max_mass": 1.8,
            "flow": 0.1
        }
    },
    "recipe": {
        "state_transitions": {
            "min": 436.85,
            "min_target": "super_coolant",
            "min_process": "condense"
        }
    }
}