{
    "name": "Tungsten",
    "id": "tungsten_gas",
    "_comment": "(W) Tungsten is a superheated crystalline Metal.",
    "data": {
        "properties": [
            "metal_ore",
            "refined_metal",
            "gas",
            "unbreathable_gas"
        ],
        "thermal_conductivity": 1.0,
        "specific_heat_capacity": 0.134,
        "molar_mass": 183.84,
        "light_absorption_factor": 50.0,
        "additional_info": {
            "max_mass": 1.8,
            "flow": 0.1
        }
    },
    "recipe": {
        "state_transitions": {
            "min": 5929.85,
            "min_target": "tungsten",
            "min_process": "condense"
        }
    }
}