{
    "name": "Brine Ice",
    "id": "brine_ice",
    "_comment": "Brine is a natural, highly concentrated solution of Salt dissolved in Water.",
    "data": {
        "properties": [
            "ice",
            "generic_buildable",
            "solid",
            "liquefiable"
        ],
        "thermal_conductivity": 2.18,
        "specific_heat_capacity": 3.4,
        "molar_mass": 18.01528,
        "hardness": 25.0,
        "light_absorption_factor": 33.33,
        "additional_info": {
            "max_mass": 1100.0
        }
    },
    "recipe": {
        "state_transitions": {
            "max": -16.5,
            "max_target": "brine",
            "max_process": "melt"
        }
    }
}