{
    "name": "Ice",
    "id": "ice",
    "_comment": "(H20) Ice is clean water frozen into a Solid state.",
    "data": {
        "properties": [
            "ice",
            "generic_buildable",
            "solid",
            "liquefiable"
        ],
        "thermal_conductivity": 2.18,
        "specific_heat_capacity": 2.05,
        "molar_mass": 18.01528,
        "hardness": 25.0,
        "light_absorption_factor": 33.33,
        "additional_info": {
            "max_mass": 1100.0
        }
    },
    "recipe": {
        "state_transitions": {
            "max": -0.65,
            "max_target": "water",
            "max_process": "melt"
        },
        "produced": {}
    }
}