{
    "name": "Snow",
    "id": "snow",
    "_comment": "(H20) Snow is a mass of loose, crystalline ice particles.",
    "data": {
        "properties": [
            "ice",
            "unstable",
            "solid",
            "liquefiable"
        ],
        "thermal_conductivity": 0.545,
        "specific_heat_capacity": 2.05,
        "molar_mass": 18.01528,
        "hardness": 10.0,
        "light_absorption_factor": 100.0,
        "additional_info": {
            "max_mass": 20.0,
            "min_horizontal_flow": 50.0
        }
    },
    "recipe": {
        "state_transitions": {
            "max": -0.65,
            "max_target": "water",
            "max_process": "melt"
        }
    }
}