{
    "name": "Petroleum",
    "id": "solid_petroleum",
    "_comment": "Petroleum is a Power source.",
    "data": {
        "properties": [
            "solid",
            "liquefiable"
        ],
        "thermal_conductivity": 2.0,
        "specific_heat_capacity": 1.76,
        "molar_mass": 82.2,
        "hardness": 2.0,
        "light_absorption_factor": 100.0,
        "additional_info": {
            "max_mass": 1840.0
        }
    },
    "recipe": {
        "state_transitions": {
            "max": -57.15,
            "max_target": "petroleum",
            "max_process": "melt"
        }
    }
}