{
    "name": "Chlorine",
    "id": "solid_chlorine",
    "_comment": "(Cl) Chlorine is a natural Germ-killing element in a Solid state.",
    "data": {
        "properties": [
            "solid",
            "liquefiable"
        ],
        "thermal_conductivity": 0.75,
        "specific_heat_capacity": 0.48,
        "molar_mass": 34.453,
        "hardness": 25.0,
        "light_absorption_factor": 100.0,
        "additional_info": {
            "max_mass": 1000.0
        }
    },
    "recipe": {
        "state_transitions": {
            "max": -100.98,
            "max_target": "chlorine",
            "max_process": "melt"
        },
        "produced": {}
    }
}