{
    "name": "Naphtha",
    "id": "solid_naphtha",
    "_comment": "Naphtha is a distilled hydrocarbon mixture in a Solid state.",
    "data": {
        "properties": [
            "solid",
            "liquefiable"
        ],
        "thermal_conductivity": 0.2,
        "specific_heat_capacity": 2.191,
        "molar_mass": 102.2,
        "hardness": 2.0,
        "light_absorption_factor": 100.0,
        "additional_info": {
            "max_mass": 1840.0
        }
    },
    "recipe": {
        "state_transitions": {
            "max": -50.15,
            "max_target": "naphtha",
            "max_process": "melt"
        }
    }
}