{
    "name": "Hydrogen",
    "id": "solid_hydrogen",
    "_comment": "(H) Hydrogen is the universe's most common element in a Solid state.",
    "data": {
        "properties": [
            "solid",
            "liquefiable"
        ],
        "thermal_conductivity": 1.0,
        "specific_heat_capacity": 2.4,
        "molar_mass": 44.1,
        "hardness": 2.0,
        "light_absorption_factor": 75.0,
        "additional_info": {
            "max_mass": 1000.0
        }
    },
    "recipe": {
        "state_transitions": {
            "max": -259.15,
            "max_target": "hydrogen",
            "max_process": "melt"
        }
    }
}