{
    "name": "Carbon Dioxide",
    "id": "solid_carbon_dioxide",
    "_comment": "(CO2) Carbon Dioxide is an unbreathable compound in a Solid state.",
    "data": {
        "properties": [
            "solid",
            "liquefiable"
        ],
        "thermal_conductivity": 1.46,
        "specific_heat_capacity": 0.846,
        "molar_mass": 44.01,
        "hardness": 2.0,
        "light_absorption_factor": 100.0,
        "additional_info": {
            "max_mass": 2000.0
        }
    },
    "recipe": {
        "state_transitions": {
            "max": -56.55,
            "max_target": "carbon_dioxide",
            "max_process": "melt"
        },
        "produced": {}
    }
}