{
    "name": "Propane",
    "id": "solid_propane",
    "_comment": "(C3H8) Propane is a natural gas in a Solid state.",
    "data": {
        "properties": [
            "generic_buildable",
            "solid",
            "liquefiable"
        ],
        "thermal_conductivity": 1.0,
        "specific_heat_capacity": 2.4,
        "molar_mass": 44.1,
        "hardness": 10.0,
        "light_absorption_factor": 100.0,
        "additional_info": {
            "max_mass": 1000.0
        }
    },
    "recipe": {
        "state_transitions": {
            "max": -188.15,
            "max_target": "propane",
            "max_process": "melt"
        }
    }
}