{
    "name": "Oxygen",
    "id": "solid_oxygen",
    "_comment": "(O2) Oxygen is a breathable element in a Solid state.",
    "data": {
        "properties": [
            "solid",
            "liquefiable"
        ],
        "thermal_conductivity": 1.0,
        "specific_heat_capacity": 1.01,
        "molar_mass": 50.0,
        "hardness": 2.0,
        "light_absorption_factor": 75.0,
        "additional_info": {
            "max_mass": 1000.0
        }
    },
    "recipe": {
        "state_transitions": {
            "max": -218.79,
            "max_target": "oxygen",
            "max_process": "melt"
        },
        "produced": {}
    }
}