{
    "name": "Fullerene",
    "id": "fullerene",
    "_comment": "(C60) Fullerene is a form of Carbon consisting of spherical molecules.",
    "data": {
        "properties": [
            "solid",
            "rare_resource"
        ],
        "thermal_conductivity": 50.0,
        "specific_heat_capacity": 0.95,
        "molar_mass": 12.0107,
        "hardness": 250.0,
        "light_absorption_factor": 100.0,
        "additional_info": {
            "max_mass": 50.0
        }
    },
    "recipe": {
        "state_transitions": {
            "max": 3926.85,
            "max_target": "carbon",
            "max_process": "melt"
        },
        "produced": {}
    }
}