{
    "name": "Isoresin",
    "id": "isoresin",
    "_comment": "Isoresin is a crystallized sap composed of long-chain polymers.",
    "data": {
        "properties": [
            "raw_mineral",
            "solid",
            "rare_resource"
        ],
        "thermal_conductivity": 0.17,
        "specific_heat_capacity": 1.3,
        "molar_mass": 162.14,
        "hardness": 10.0,
        "light_absorption_factor": 100.0,
        "additional_info": {
            "max_mass": 50.0
        }
    },
    "recipe": {
        "state_transitions": {
            "max": 200.0,
            "max_target": "naphtha",
            "max_process": "melt"
        },
        "consumed": {}
    }
}