{
    "name": "Niobium",
    "id": "niobium",
    "_comment": "(Nb) Niobium is a Rare Metal with many practical applications in metallurgy and superconductor Research.",
    "data": {
        "properties": [
            "metal_ore",
            "refined_metal",
            "generic_buildable",
            "solid",
            "rare_resource"
        ],
        "thermal_conductivity": 54.0,
        "specific_heat_capacity": 0.265,
        "molar_mass": 92.9,
        "hardness": 50.0,
        "light_absorption_factor": 100.0,
        "decor_modifier": 50.0,
        "overheat_temp_modifier": 500.0,
        "additional_info": {
            "max_mass": 50.0
        }
    },
    "recipe": {
        "state_transitions": {
            "max": 2476.85,
            "max_target": "niobium",
            "max_process": "melt"
        },
        "produced": {}
    }
}