{
    "name": "Enriched Uranium",
    "id": "enriched_uranium",
    "_comment": "(U) Enriched Uranium is a highly Radioactive, refined substance.",
    "data": {
        "properties": [
            "solid",
            "manufactured_material"
        ],
        "thermal_conductivity": 20.0,
        "specific_heat_capacity": 1.0,
        "molar_mass": 120.0,
        "hardness": 250.0,
        "light_absorption_factor": 100.0,
        "additional_info": {
            "max_mass": 200.0
        }
    },
    "recipe": {
        "state_transitions": {
            "max": 858.85,
            "max_target": "uranium",
            "max_process": "melt"
        },
        "produced": {}
    }
}