{
    "name": "Glass",
    "id": "glass",
    "_comment": "Glass is a brittle, transparent substance formed from Sand fired at high temperatures.",
    "data": {
        "properties": [
            "generic_buildable",
            "transparent",
            "solid",
            "manufactured_material"
        ],
        "thermal_conductivity": 1.11,
        "specific_heat_capacity": 0.84,
        "molar_mass": 25.0,
        "hardness": 10.0,
        "light_absorption_factor": 10.0,
        "additional_info": {
            "max_mass": 1840.0
        }
    },
    "recipe": {
        "state_transitions": {
            "max": 1426.85,
            "max_target": "glass",
            "max_process": "melt"
        },
        "produced": {}
    }
}