{
    "name": "Insulatite",
    "id": "insulatite",
    "_comment": "Insulation reduces Heat Transfer and is composed of recrystallized Abyssalite.",
    "data": {
        "properties": [
            "raw_mineral",
            "plumbable",
            "crushable",
            "generic_buildable",
            "insulator",
            "solid",
            "manufactured_material"
        ],
        "thermal_conductivity": 1e-05,
        "specific_heat_capacity": 5.57,
        "molar_mass": 341.76,
        "hardness": 200.0,
        "light_absorption_factor": 100.0,
        "additional_info": {
            "max_mass": 1800.0
        }
    },
    "recipe": {
        "state_transitions": {
            "max": 3621.85,
            "max_target": "tungsten",
            "max_process": "melt"
        },
        "produced": {}
    }
}