{
    "name": "Super Coolant",
    "id": "solid_super_coolant",
    "_comment": "Super Coolant is an industrial grade Fullerene coolant.",
    "data": {
        "properties": [
            "solid",
            "manufactured_material"
        ],
        "thermal_conductivity": 9.46,
        "specific_heat_capacity": 8.44,
        "molar_mass": 250.0,
        "hardness": 2.0,
        "light_absorption_factor": 100.0,
        "additional_info": {
            "max_mass": 1840.0
        }
    },
    "recipe": {
        "state_transitions": {
            "max": -271.15,
            "max_target": "super_coolant",
            "max_process": "melt"
        }
    }
}