{
    "name": "Steel",
    "id": "steel",
    "_comment": "Steel is a Metal Alloy composed of iron and carbon.",
    "data": {
        "properties": [
            "metal_ore",
            "refined_metal",
            "generic_buildable",
            "solid",
            "manufactured_material"
        ],
        "thermal_conductivity": 54.0,
        "specific_heat_capacity": 0.49,
        "molar_mass": 54.97,
        "hardness": 50.0,
        "light_absorption_factor": 100.0,
        "overheat_temp_modifier": 200.0,
        "additional_info": {
            "max_mass": 10000.0
        }
    },
    "recipe": {
        "state_transitions": {
            "max": 2426.85,
            "max_target": "steel",
            "max_process": "melt"
        },
        "produced": {}
    }
}