{
    "name": "Thermium",
    "id": "thermium",
    "_comment": "Thermium is an industrial metal alloy formulated to maximize Heat Transfer and thermal dispersion.",
    "data": {
        "properties": [
            "metal_ore",
            "refined_metal",
            "plumbable",
            "generic_buildable",
            "solid",
            "manufactured_material"
        ],
        "thermal_conductivity": 220.0,
        "specific_heat_capacity": 0.622,
        "molar_mass": 174.35,
        "hardness": 80.0,
        "light_absorption_factor": 100.0,
        "overheat_temp_modifier": 900.0,
        "additional_info": {
            "max_mass": 1800.0
        }
    },
    "recipe": {
        "state_transitions": {
            "max": 2676.85,
            "max_target": "niobium",
            "max_process": "melt"
        },
        "produced": {}
    }
}