{
    "name": "Fertilizer",
    "id": "fertilizer",
    "_comment": "Fertilizer is a processed mixture of biological nutrients.",
    "data": {
        "properties": [
            "oxidizer",
            "solid",
            "agriculture"
        ],
        "thermal_conductivity": 2.0,
        "specific_heat_capacity": 0.83,
        "molar_mass": 50.0,
        "hardness": 2.0,
        "light_absorption_factor": 100.0,
        "additional_info": {
            "max_mass": 300.0
        }
    },
    "recipe": {
        "state_transitions": {
            "max": 125.0,
            "max_target": "dirt",
            "max_process": "melt"
        },
        "produced": {}
    }
}