{
    "name": "Phosphorite",
    "id": "phosphorite",
    "_comment": "Phosphorite is a composite of sedimentary rock, saturated with phosphate.",
    "data": {
        "properties": [
            "bait",
            "solid",
            "agriculture"
        ],
        "thermal_conductivity": 2.0,
        "specific_heat_capacity": 0.15,
        "molar_mass": 95.61,
        "hardness": 25.0,
        "light_absorption_factor": 100.0,
        "additional_info": {
            "max_mass": 1840.0
        }
    },
    "recipe": {
        "state_transitions": {
            "max": 243.85,
            "max_target": "phosphorus",
            "max_process": "melt"
        },
        "produced": {}
    }
}