{
    "name": "Abyssalite",
    "id": "abyssalite",
    "_comment": "(Ab) Abyssalite is a resilient, crystalline element.",
    "data": {
        "properties": [
            "solid",
            "miscellaneous"
        ],
        "thermal_conductivity": 1e-05,
        "specific_heat_capacity": 4.0,
        "molar_mass": 341.76,
        "hardness": 150.0,
        "light_absorption_factor": 100.0,
        "overheat_temp_modifier": 200.0,
        "additional_info": {
            "max_mass": 3200.0
        }
    },
    "recipe": {
        "state_transitions": {
            "max": 3421.85,
            "max_target": "tungsten",
            "max_process": "melt"
        },
        "produced": {}
    }
}