{
    "name": "Corium",
    "id": "corium",
    "_comment": "A radioactive mixture of nuclear waste and melted reactor materials.",
    "data": {
        "properties": [
            "solid",
            "miscellaneous"
        ],
        "thermal_conductivity": 6.0,
        "specific_heat_capacity": 7.44,
        "molar_mass": 196.966568,
        "hardness": 251.0,
        "light_absorption_factor": 100.0,
        "additional_info": {
            "max_mass": 200.0
        }
    },
    "recipe": {
        "state_transitions": {
            "max": 626.85,
            "max_target": "nuclear_fallout",
            "max_process": "melt"
        },
        "produced": {}
    }
}