{
    "name": "Diamond",
    "id": "diamond",
    "_comment": "(C) Diamond is industrial-grade, high density carbon.",
    "data": {
        "properties": [
            "generic_buildable",
            "transparent",
            "bait",
            "solid",
            "miscellaneous"
        ],
        "thermal_conductivity": 80.0,
        "specific_heat_capacity": 0.516,
        "molar_mass": 12.0107,
        "hardness": 250.0,
        "light_absorption_factor": 10.0,
        "decor_modifier": 100.0,
        "overheat_temp_modifier": 200.0,
        "additional_info": {
            "max_mass": 1840.0
        }
    },
    "recipe": {
        "state_transitions": {
            "max": 3926.85,
            "max_target": "carbon",
            "max_process": "melt"
        },
        "produced": {}
    }
}