{
    "name": "Solid Nuclear Waste",
    "id": "solid_nuclear_waste",
    "_comment": "Highly toxic solid full of Radioactive Contaminants.",
    "data": {
        "properties": [
            "light_emitter",
            "solid",
            "miscellaneous"
        ],
        "thermal_conductivity": 6.0,
        "specific_heat_capacity": 7.44,
        "molar_mass": 196.966568,
        "hardness": 0.0,
        "light_absorption_factor": 100.0,
        "additional_info": {
            "max_mass": 9970.0
        }
    },
    "recipe": {
        "state_transitions": {
            "max": 26.85,
            "max_target": "nuclear_waste",
            "max_process": "melt"
        }
    }
}