{
    "name": "Sulfur",
    "id": "sulfur",
    "_comment": "(S) Sulfur is a common chemical element and byproduct of Natural Gas production.",
    "data": {
        "properties": [
            "solid",
            "miscellaneous"
        ],
        "thermal_conductivity": 0.2,
        "specific_heat_capacity": 0.7,
        "molar_mass": 50.0,
        "hardness": 5.0,
        "light_absorption_factor": 100.0,
        "additional_info": {
            "max_mass": 2000.0
        }
    },
    "recipe": {
        "state_transitions": {
            "max": 115.2,
            "max_target": "liquid_sulfur",
            "max_process": "melt"
        },
        "consumed": {}
    }
}