{
    "oxygen": "Oxygen",
    "polluted_oxygen": "Polluted Oxygen",
    "carbon_dioxide": "Carbon Dioxide",
    "aluminum_gas": "Aluminum",
    "carbon_gas": "Carbon",
    "chlorine_gas": "Chlorine",
    "cobalt_gas": "Cobalt",
    "copper_gas": "Copper",
    "ethanol_gas": "Ethanol",
    "gold_gas": "Gold",
    "iron_gas": "Iron",
    "lead_gas": "Lead",
    "niobium_gas": "Niobium",
    "phosphorus_gas": "Phosphorus",
    "salt_gas": "Salt",
    "steel_gas": "Steel",
    "sulfur_gas": "Sulfur",
    "super_coolant_gas": "Super Coolant",
    "tungsten_gas": "Tungsten",
    "hydrogen": "Hydrogen",
    "methane": "Natural Gas",
    "nuclear_fallout": "Nuclear Fallout",
    "propane": "Propane",
    "rock_gas": "Rock Gas",
    "sour_gas": "Sour Gas",
    "steam": "Steam",
    "brine": "Brine",
    "chlorine": "Chlorine",
    "crude_oil": "Crude Oil",
    "ethanol": "Ethanol",
    "liquid_carbon_dioxide": "Carbon Dioxide",
    "liquid_hydrogen": "Hydrogen",
    "liquid_methane": "Methane",
    "liquid_oxygen": "Oxygen",
    "liquid_phosphorus": "Phosphorus",
    "liquid_propane": "Propane",
    "liquid_sulfur": "Liquid Sulfur",
    "magma": "Magma",
    "molten_aluminum": "Aluminum",
    "molten_carbon": "Carbon",
    "molten_cobalt": "Cobalt",
    "molten_copper": "Copper",
    "molten_glass": "Glass",
    "molten_gold": "Gold",
    "molten_iron": "Iron",
    "molten_lead": "Lead",
    "molten_niobium": "Niobium",
    "molten_salt": "Salt",
    "molten_steel": "Steel",
    "molten_sucrose": "Sucrose",
    "molten_tungsten": "Tungsten",
    "molten_uranium": "Uranium",
    "naphtha": "Naphtha",
    "nuclear_waste": "Nuclear Waste",
    "petroleum": "Petroleum",
    "polluted_water": "Polluted Water",
    "resin": "Resin",
    "salt_water": "Salt Water",
    "super_coolant": "Super Coolant",
    "visco_gel": "Visco-Gel",
    "water": "Water",
    "fertilizer": "Fertilizer",
    "phosphorite": "Phosphorite",
    "crushed_rock": "Crushed Rock",
    "ceramic": "Ceramic",
    "fossil": "Fossil",
    "granite": "Granite",
    "graphite": "Graphite",
    "ignerous_rock": "Ignerous Rock",
    "mafic_rock": "Mafic Rock",
    "obsidian": "Obsidian",
    "sandstone": "Sandstone",
    "sedimentary_rock": "Sedimentary Rock",
    "bleach_stone": "Bleach Stone",
    "coal": "Coal",
    "lime": "Lime",
    "oxylite": "Oxylite",
    "phosphorus": "Phosphorus",
    "refined_carbon": "Refined Carbon",
    "rust": "Rust",
    "salt": "Salt",
    "solid_methane": "Methane",
    "sucrose": "Sucrose",
    "clay": "Clay",
    "dirt": "Dirt",
    "regolith": "Regolith",
    "sand": "Sand",
    "brine_ice": "Brine Ice",
    "crushed_ice": "Crushed Ice",
    "ice": "Ice",
    "polluted_ice": "Polluted Ice",
    "snow": "Snow",
    "solid_carbon_dioxide": "Carbon Dioxide",
    "solid_chlorine": "Chlorine",
    "solid_crude_oil": "Crude Oil",
    "solid_hydrogen": "Hydrogen",
    "solid_naphtha": "Naphtha",
    "solid_oxygen": "Oxygen",
    "solid_petroleum": "Petroleum",
    "solid_propane": "Propane",
    "enriched_uranium": "Enriched Uranium",
    "glass": "Glass",
    "insulatite": "Insulatite",
    "plastic": "Plastic",
    "solid_super_coolant": "Super Coolant",
    "solid_visco_gel": "Visco-Gel",
    "steel": "Steel",
    "thermium": "Thermium",
    "aluminum_ore": "Aluminum Ore",
    "cobalt_ore": "Cobalt Ore",
    "copper_ore": "Copper Ore",
    "electrum": "Electrum",
    "gold_amalgam": "Gold Amalgam",
    "iron_ore": "Iron Ore",
    "pyrite": "Pyrite",
    "uranium_ore": "Uranium Ore",
    "wolframite": "Wolframite",
    "algae": "Algae",
    "mud": "Mud",
    "polluted_dirt": "Polluted Dirt",
    "polluted_mud": "Polluted Mud",
    "slime": "Slime",
    "solid_resin": "Solid Resin",
    "abyssalite": "Abyssalite",
    "corium": "Corium",
    "diamond": "Diamond",
    "solid_nuclear_waste": "Solid Nuclear Waste",
    "sulfur": "Sulfur",
    "fullerene": "Fullerene",
    "isoresin": "Isoresin",
    "niobium": "Niobium",
    "aluminum": "Aluminum",
    "cobalt": "Cobalt",
    "copper": "Copper",
    "depleted_uranium": "Depleted Uranium",
    "gold": "Gold",
    "iron": "Iron",
    "lead": "Lead",
    "tungsten": "Tungsten",
    "netronium": "Netronium",
    "bitumen": "Bitumen",
    "genetic_ooze": "Genetic Ooze",
    "radium": "Radium",
    "solid_ethanol": "Ethanol"
}