{
    "name": "Aluminum Ore",
    "id": "aluminum_ore",
    "_comment": "Aluminum ore, also known as Bauxite, is a sedimentary rock high in metal content.",
    "data": {
        "properties": [
            "ore",
            "generic_buildable",
            "solid",
            "metal_ore"
        ],
        "thermal_conductivity": 20.5,
        "specific_heat_capacity": 0.91,
        "molar_mass": 143.09,
        "hardness": 25.0,
        "light_absorption_factor": 100.0,
        "additional_info": {
            "max_mass": 500.0
        }
    },
    "recipe": {
        "state_transitions": {
            "max": 1083.85,
            "max_target": "aluminum",
            "max_process": "melt"
        },
        "produced": {}
    }
}