{
    "name": "Copper Ore",
    "id": "copper_ore",
    "_comment": "(Cu2O) Copper Ore is a conductive Metal.",
    "data": {
        "properties": [
            "ore",
            "generic_buildable",
            "solid",
            "metal_ore"
        ],
        "thermal_conductivity": 4.5,
        "specific_heat_capacity": 0.386,
        "molar_mass": 143.09,
        "hardness": 25.0,
        "light_absorption_factor": 100.0,
        "decor_modifier": 10.0,
        "additional_info": {
            "max_mass": 1840.0
        }
    },
    "recipe": {
        "state_transitions": {
            "max": 1083.85,
            "max_target": "copper",
            "max_process": "melt"
        },
        "produced": {}
    }
}