{
    "name": "Electrum",
    "id": "electrum",
    "_comment": "Electrum is a conductive Metal alloy composed of gold and silver.",
    "data": {
        "properties": [
            "ore",
            "generic_buildable",
            "solid",
            "metal_ore"
        ],
        "thermal_conductivity": 2.0,
        "specific_heat_capacity": 0.15,
        "molar_mass": 95.61,
        "hardness": 2.0,
        "light_absorption_factor": 100.0,
        "additional_info": {
            "max_mass": 1840.0
        }
    },
    "recipe": {
        "state_transitions": {
            "max": 1063.85,
            "max_target": "gold",
            "max_process": "melt"
        },
        "consumed": {}
    }
}