{
    "name": "Iron Ore",
    "id": "iron_ore",
    "_comment": "(Fe) Iron Ore is a soft Metal.",
    "data": {
        "properties": [
            "ore",
            "generic_buildable",
            "solid",
            "metal_ore"
        ],
        "thermal_conductivity": 4.0,
        "specific_heat_capacity": 0.449,
        "molar_mass": 159.6882,
        "hardness": 25.0,
        "light_absorption_factor": 100.0,
        "additional_info": {
            "max_mass": 1840.0
        }
    },
    "recipe": {
        "state_transitions": {
            "max": 1534.85,
            "max_target": "iron",
            "max_process": "melt"
        },
        "produced": {}
    }
}