{
    "name": "Uranium Ore",
    "id": "uranium_ore",
    "_comment": "(U) Uranium Ore is a highly Radioactive substance.",
    "data": {
        "properties": [
            "generic_buildable",
            "metal_ore",
            "uncrushable",
            "solid"
        ],
        "thermal_conductivity": 20.0,
        "specific_heat_capacity": 1.0,
        "molar_mass": 120.0,
        "hardness": 150.0,
        "light_absorption_factor": 100.0,
        "additional_info": {
            "max_mass": 200.0
        }
    },
    "recipe": {
        "state_transitions": {
            "max": 132.85,
            "max_target": "uranium",
            "max_process": "melt"
        },
        "consumed": {}
    }
}