{
    "name": "Wolframite",
    "id": "wolframite",
    "_comment": "((Fe,Mn)WO4) Wolframite is a dense Metallic element in a Solid state.",
    "data": {
        "properties": [
            "plumbable",
            "generic_buildable",
            "solid",
            "metal_ore"
        ],
        "thermal_conductivity": 15.0,
        "specific_heat_capacity": 0.134,
        "molar_mass": 150.0,
        "hardness": 150.0,
        "light_absorption_factor": 100.0,
        "additional_info": {
            "max_mass": 1840.0
        }
    },
    "recipe": {
        "state_transitions": {
            "max": 2926.85,
            "max_target": "tungsten",
            "max_process": "melt"
        },
        "produced": {}
    }
}