{
    "name": "Oxygen",
    "id": "oxygen",
    "_comment": "(O2) Oxygen is an atomically lightweight and breathable Gas, necessary for sustaining life.",
    "data": {
        "properties": [
            "gas",
            "breathable_gas"
        ],
        "thermal_conductivity": 0.024,
        "specific_heat_capacity": 1.005,
        "molar_mass": 15.9994,
        "light_absorption_factor": 0.0,
        "additional_info": {
            "max_mass": 1.8,
            "flow": 0.12
        }
    },
    "recipe": {
        "state_transitions": {
            "min": -182.96,
            "min_target": "oxygen",
            "min_process": "condense"
        },
        "sublimates_from": {}
    }
}