{
    "name": "Aluminum",
    "id": "aluminum",
    "_comment": "(Al) Aluminum is a low density Metal.",
    "data": {
        "properties": [
            "generic_buildable",
            "solid",
            "refined_metal"
        ],
        "thermal_conductivity": 205.0,
        "specific_heat_capacity": 0.91,
        "molar_mass": 55.845,
        "hardness": 25.0,
        "light_absorption_factor": 100.0,
        "additional_info": {
            "max_mass": 1000.0
        }
    },
    "recipe": {
        "state_transitions": {
            "max": 660.3,
            "max_target": "aluminum",
            "max_process": "melt"
        },
        "produced": {}
    }
}