{
    "name": "Cobalt",
    "id": "cobalt",
    "_comment": "(Co) Cobalt is a Refined Metal made from Cobalt Ore.",
    "data": {
        "properties": [
            "generic_buildable",
            "solid",
            "refined_metal"
        ],
        "thermal_conductivity": 100.0,
        "specific_heat_capacity": 0.42,
        "molar_mass": 58.9,
        "hardness": 75.0,
        "light_absorption_factor": 100.0,
        "additional_info": {
            "max_mass": 8900.0
        }
    },
    "recipe": {
        "state_transitions": {
            "max": 1494.85,
            "max_target": "cobalt",
            "max_process": "melt"
        },
        "produced": {}
    }
}