{
    "name": "Copper",
    "id": "copper",
    "_comment": "(Cu) Copper is a conductive Metal.",
    "data": {
        "properties": [
            "generic_buildable",
            "solid",
            "refined_metal"
        ],
        "thermal_conductivity": 60.0,
        "specific_heat_capacity": 0.385,
        "molar_mass": 63.546,
        "hardness": 25.0,
        "light_absorption_factor": 100.0,
        "decor_modifier": 20.0,
        "overheat_temp_modifier": 50.0,
        "additional_info": {
            "max_mass": 3870.0
        }
    },
    "recipe": {
        "state_transitions": {
            "max": 1083.85,
            "max_target": "copper",
            "max_process": "melt"
        },
        "produced": {}
    }
}