{
    "name": "Depleted Uranium",
    "id": "depleted_uranium",
    "_comment": "(U) Depleted Uranium is Uranium with a low U-235 content.",
    "data": {
        "properties": [
            "generic_buildable",
            "refined_metal",
            "solid"
        ],
        "thermal_conductivity": 20.0,
        "specific_heat_capacity": 1.0,
        "molar_mass": 120.0,
        "hardness": 250.0,
        "light_absorption_factor": 100.0,
        "additional_info": {
            "max_mass": 200.0
        }
    },
    "recipe": {
        "state_transitions": {
            "max": 132.85,
            "max_target": "uranium",
            "max_process": "melt"
        },
        "produced": {}
    }
}