{
    "name": "Gold",
    "id": "gold",
    "_comment": "(Au) Gold is a conductive precious Metal.",
    "data": {
        "properties": [
            "generic_buildable",
            "solid",
            "refined_metal"
        ],
        "thermal_conductivity": 60.0,
        "specific_heat_capacity": 0.129,
        "molar_mass": 196.966568,
        "hardness": 2.0,
        "light_absorption_factor": 100.0,
        "decor_modifier": 50.0,
        "overheat_temp_modifier": 50.0,
        "additional_info": {
            "max_mass": 9970.0
        }
    },
    "recipe": {
        "state_transitions": {
            "max": 1063.85,
            "max_target": "gold",
            "max_process": "melt"
        },
        "produced": {}
    }
}