{
    "name": "Iron",
    "id": "iron",
    "_comment": "(Fe) Iron is a common industrial Metal.",
    "data": {
        "properties": [
            "generic_buildable",
            "solid",
            "refined_metal"
        ],
        "thermal_conductivity": 55.0,
        "specific_heat_capacity": 0.449,
        "molar_mass": 55.845,
        "hardness": 50.0,
        "light_absorption_factor": 100.0,
        "overheat_temp_modifier": 50.0,
        "additional_info": {
            "max_mass": 7870.0
        }
    },
    "recipe": {
        "state_transitions": {
            "max": 1534.85,
            "max_target": "iron",
            "max_process": "melt"
        },
        "produced": {}
    }
}