{
    "name": "Lead",
    "id": "lead",
    "_comment": "(Pb) Lead is a soft yet extremely dense Refined Metal.",
    "data": {
        "properties": [
            "generic_buildable",
            "solid",
            "refined_metal"
        ],
        "thermal_conductivity": 35.0,
        "specific_heat_capacity": 0.128,
        "molar_mass": 55.845,
        "hardness": 10.0,
        "light_absorption_factor": 100.0,
        "overheat_temp_modifier": -20.0,
        "additional_info": {
            "max_mass": 2000.0
        }
    },
    "recipe": {
        "state_transitions": {
            "max": 327.5,
            "max_target": "lead",
            "max_process": "melt"
        },
        "consumed": {}
    }
}