{
    "name": "Tungsten",
    "id": "tungsten",
    "_comment": "(W) Tungsten is an extremely tough crystalline Metal.",
    "data": {
        "properties": [
            "plumbable",
            "generic_buildable",
            "solid",
            "refined_metal"
        ],
        "thermal_conductivity": 60.0,
        "specific_heat_capacity": 0.134,
        "molar_mass": 183.84,
        "hardness": 200.0,
        "light_absorption_factor": 100.0,
        "overheat_temp_modifier": 50.0,
        "additional_info": {
            "max_mass": 1000.0
        }
    },
    "recipe": {
        "state_transitions": {
            "max": 3421.85,
            "max_target": "tungsten",
            "max_process": "melt"
        },
        "produced": {}
    }
}