{
    "name": "Mud",
    "id": "mud",
    "_comment": "A mixture of Dirt and Water.",
    "data": {
        "properties": [
            "unstable",
            "solid",
            "organic"
        ],
        "thermal_conductivity": 2.0,
        "specific_heat_capacity": 0.83,
        "molar_mass": 50.0,
        "hardness": 10.0,
        "light_absorption_factor": 100.0,
        "additional_info": {
            "max_mass": 1840.0,
            "min_horizontal_flow": 50.0
        }
    },
    "recipe": {
        "state_transitions": {
            "max": 99.69,
            "max_target": "steam",
            "max_process": "melt"
        },
        "produced": {}
    }
}