{
    "name": "Slime",
    "id": "slime",
    "_comment": "Slime is a thick biomixture of algae, fungi, and mucopolysaccharides.",
    "data": {
        "properties": [
            "bait",
            "solid",
            "organic"
        ],
        "thermal_conductivity": 2.0,
        "specific_heat_capacity": 0.2,
        "molar_mass": 4.0,
        "hardness": 2.0,
        "light_absorption_factor": 100.0,
        "additional_info": {
            "max_mass": 300.0
        }
    },
    "recipe": {
        "state_transitions": {
            "max": 125.0,
            "max_target": "dirt",
            "max_process": "melt"
        },
        "sublimate_in": {},
        "produced": {}
    }
}